[
  {
    "completions": [
      {
        "created_at": 1624930947,
        "id": 8001,
        "lead_time": 18.537,
        "result": [
          {
            "from_name": "Pants",
            "id": "tOvLIcS0H7",
            "to_name": "image",
            "type": "choices",
            "value": {
              "choices": [
                "Jeans"
              ]
            }
          },
          {
            "from_name": "Clothes",
            "id": "eX7geaL0T4",
            "to_name": "image",
            "type": "choices",
            "value": {
              "choices": [
                "Shirt",
                "Suit"
              ]
            }
          },
          {
            "from_name": "Type",
            "id": "NfkiArJAnI",
            "to_name": "image",
            "type": "choices",
            "value": {
              "choices": [
                "Male"
              ]
            }
          },
          {
            "from_name": "Color",
            "id": "LguDouVEMB",
            "to_name": "image",
            "type": "choices",
            "value": {
              "choices": [
                "Black",
                "White"
              ]
            }
          }
        ]
      }
    ],
    "data": {
      "image": "/data/upload/d722e9-pexels-photo-532220.jpeg"
    },
    "id": 8
  },
  {
    "completions": [
      {
        "created_at": 1624931139,
        "id": 16001,
        "lead_time": 29.199,
        "result": [
          {
            "from_name": "Type",
            "id": "4MlwDl0otp",
            "to_name": "image",
            "type": "choices",
            "value": {
              "choices": [
                "Male"
              ]
            }
          },
          {
            "from_name": "Clothes",
            "id": "-gPuO5juEY",
            "to_name": "image",
            "type": "choices",
            "value": {
              "choices": [
                "T-Shirt"
              ]
            }
          },
          {
            "from_name": "Pants",
            "id": "UWYMQMPfKM",
            "to_name": "image",
            "type": "choices",
            "value": {
              "choices": [
                "Jeans"
              ]
            }
          },
          {
            "from_name": "Accecories",
            "id": "tNvucP-0d5",
            "to_name": "image",
            "type": "choices",
            "value": {
              "choices": [
                "Necklace",
                "Wrist",
                "Watch"
              ]
            }
          },
          {
            "from_name": "Color",
            "id": "eGvgsff-F_",
            "to_name": "image",
            "type": "choices",
            "value": {
              "choices": [
                "Black"
              ]
            }
          }
        ]
      }
    ],
    "data": {
      "image": "/data/upload/ad446e-pexels-photo-3662357.jpeg"
    },
    "id": 16
  },
  {
    "completions": [
      {
        "created_at": 1624931415,
        "id": 18001,
        "lead_time": 65.632,
        "result": [
          {
            "from_name": "Clothes",
            "id": "F8qKroCM2S",
            "to_name": "image",
            "type": "choices",
            "value": {
              "choices": [
                "T-Shirt",
                "Suit"
              ]
            }
          },
          {
            "from_name": "Type",
            "id": "rhqBGlzM8A",
            "to_name": "image",
            "type": "choices",
            "value": {
              "choices": [
                "Male"
              ]
            }
          },
          {
            "from_name": "Pants",
            "id": "LiYUJb4JIW",
            "to_name": "image",
            "type": "choices",
            "value": {
              "choices": [
                "Kulot"
              ]
            }
          },
          {
            "from_name": "Accecories",
            "id": "-hWRgmOZ6W",
            "to_name": "image",
            "type": "choices",
            "value": {
              "choices": [
                "Hat",
                "Eye Glasses"
              ]
            }
          },
          {
            "from_name": "Footwear",
            "id": "nFgqHF139J",
            "to_name": "image",
            "type": "choices",
            "value": {
              "choices": [
                "Leather"
              ]
            }
          },
          {
            "from_name": "Color",
            "id": "Ga9aqCPhWq",
            "to_name": "image",
            "type": "choices",
            "value": {
              "choices": [
                "Black",
                "White",
                "Green"
              ]
            }
          }
        ]
      }
    ],
    "data": {
      "image": "/data/upload/d970b4-pexels-photo-8106203.jpeg"
    },
    "id": 18
  },
  {
    "completions": [
      {
        "created_at": 1624929948,
        "id": 10001,
        "lead_time": 163.474,
        "result": [
          {
            "from_name": "Type",
            "id": "YP0aLkO3yq",
            "to_name": "image",
            "type": "choices",
            "value": {
              "choices": [
                "Male"
              ]
            }
          },
          {
            "from_name": "Clothes",
            "id": "C-HZH5WSqm",
            "to_name": "image",
            "type": "choices",
            "value": {
              "choices": [
                "Sweater"
              ]
            }
          },
          {
            "from_name": "Accecories",
            "id": "yGCpVPuGfb",
            "to_name": "image",
            "type": "choices",
            "value": {
              "choices": [
                "Eye Glasses"
              ]
            }
          },
          {
            "from_name": "Footwear",
            "id": "QJg8NYCuoV",
            "to_name": "image",
            "type": "choices",
            "value": {
              "choices": [
                "Leather"
              ]
            }
          },
          {
            "from_name": "Color",
            "id": "-wOo0BHV_P",
            "to_name": "image",
            "type": "choices",
            "value": {
              "choices": [
                "Black",
                "White",
                "Brown"
              ]
            }
          },
          {
            "from_name": "Pants",
            "id": "XtGs8P_6Z4",
            "to_name": "image",
            "type": "choices",
            "value": {
              "choices": [
                "Jeans"
              ]
            }
          }
        ]
      }
    ],
    "data": {
      "image": "/data/upload/d06893-pexels-photo-878358.jpeg"
    },
    "id": 10
  },
  {
    "completions": [
      {
        "created_at": 1624931105,
        "id": 3001,
        "lead_time": 20.48,
        "result": [
          {
            "from_name": "Type",
            "id": "SvzbUiTxRB",
            "to_name": "image",
            "type": "choices",
            "value": {
              "choices": [
                "Male"
              ]
            }
          },
          {
            "from_name": "Clothes",
            "id": "Myuv1yZfNd",
            "to_name": "image",
            "type": "choices",
            "value": {
              "choices": [
                "Hoodie"
              ]
            }
          },
          {
            "from_name": "Accecories",
            "id": "BL5t26fWdi",
            "to_name": "image",
            "type": "choices",
            "value": {
              "choices": [
                "Eye Glasses",
                "Watch"
              ]
            }
          },
          {
            "from_name": "Color",
            "id": "KRAUhwP0QD",
            "to_name": "image",
            "type": "choices",
            "value": {
              "choices": [
                "Green"
              ]
            }
          }
        ]
      }
    ],
    "data": {
      "image": "/data/upload/849e29-Male_51.jpg"
    },
    "id": 3
  },
  {
    "completions": [
      {
        "created_at": 1624931191,
        "id": 19001,
        "lead_time": 49.05,
        "result": [
          {
            "from_name": "Type",
            "id": "zKcpLtDUy1",
            "to_name": "image",
            "type": "choices",
            "value": {
              "choices": [
                "Male"
              ]
            }
          },
          {
            "from_name": "Pants",
            "id": "pc4FJ-rLlT",
            "to_name": "image",
            "type": "choices",
            "value": {
              "choices": [
                "Corduroy"
              ]
            }
          },
          {
            "from_name": "Clothes",
            "id": "Ihal2pfA3C",
            "to_name": "image",
            "type": "choices",
            "value": {
              "choices": [
                "T-Shirt",
                "Shirt"
              ]
            }
          },
          {
            "from_name": "Accecories",
            "id": "Op5eIMbbk6",
            "to_name": "image",
            "type": "choices",
            "value": {
              "choices": [
                "Cap"
              ]
            }
          },
          {
            "from_name": "Footwear",
            "id": "vFwMyxHoTc",
            "to_name": "image",
            "type": "choices",
            "value": {
              "choices": [
                "Sneaker"
              ]
            }
          },
          {
            "from_name": "Color",
            "id": "eH6n26tJUY",
            "to_name": "image",
            "type": "choices",
            "value": {
              "choices": [
                "White",
                "Brown"
              ]
            }
          }
        ]
      }
    ],
    "data": {
      "image": "/data/upload/48f6f0-pexels-photo-8107163.jpeg"
    },
    "id": 19
  },
  {
    "completions": [
      {
        "created_at": 1624930846,
        "id": 4001,
        "lead_time": 41.206,
        "result": [
          {
            "from_name": "Type",
            "id": "io1ETIaSru",
            "to_name": "image",
            "type": "choices",
            "value": {
              "choices": [
                "Male"
              ]
            }
          },
          {
            "from_name": "Clothes",
            "id": "MUkypdhgCd",
            "to_name": "image",
            "type": "choices",
            "value": {
              "choices": [
                "Tuxedo"
              ]
            }
          },
          {
            "from_name": "Footwear",
            "id": "jC7EyRvB8i",
            "to_name": "image",
            "type": "choices",
            "value": {
              "choices": [
                "Leather"
              ]
            }
          },
          {
            "from_name": "Accecories",
            "id": "wFPSUQGcOP",
            "to_name": "image",
            "type": "choices",
            "value": {
              "choices": [
                "Eye Glasses",
                "Watch"
              ]
            }
          },
          {
            "from_name": "Color",
            "id": "I3EgLV3-Bm",
            "to_name": "image",
            "type": "choices",
            "value": {
              "choices": [
                "White",
                "Blue"
              ]
            }
          }
        ]
      }
    ],
    "data": {
      "image": "/data/upload/14f757-Male_57.jpg"
    },
    "id": 4
  },
  {
    "completions": [
      {
        "created_at": 1624931232,
        "id": 15001,
        "lead_time": 33.842,
        "result": [
          {
            "from_name": "Type",
            "id": "jo6YdL5dEH",
            "to_name": "image",
            "type": "choices",
            "value": {
              "choices": [
                "Male"
              ]
            }
          },
          {
            "from_name": "Clothes",
            "id": "6gFmC97vCR",
            "to_name": "image",
            "type": "choices",
            "value": {
              "choices": [
                "Sweater"
              ]
            }
          },
          {
            "from_name": "Pants",
            "id": "ZXzOG5S2LS",
            "to_name": "image",
            "type": "choices",
            "value": {
              "choices": [
                "Training"
              ]
            }
          },
          {
            "from_name": "Accecories",
            "id": "hcFyB9guZe",
            "to_name": "image",
            "type": "choices",
            "value": {
              "choices": [
                "Eye Glasses",
                "Watch"
              ]
            }
          },
          {
            "from_name": "Footwear",
            "id": "64InYYIV8A",
            "to_name": "image",
            "type": "choices",
            "value": {
              "choices": [
                "Sneaker"
              ]
            }
          },
          {
            "from_name": "Color",
            "id": "zb9CNa5WTo",
            "to_name": "image",
            "type": "choices",
            "value": {
              "choices": [
                "White",
                "Yellow"
              ]
            }
          }
        ]
      }
    ],
    "data": {
      "image": "/data/upload/43dd62-pexels-photo-3622614.jpeg"
    },
    "id": 15
  },
  {
    "completions": [
      {
        "created_at": 1624930216,
        "id": 17001,
        "lead_time": 26.116,
        "result": [
          {
            "from_name": "Type",
            "id": "CH1X9lKc-R",
            "to_name": "image",
            "type": "choices",
            "value": {
              "choices": [
                "Male"
              ]
            }
          },
          {
            "from_name": "Clothes",
            "id": "7BZoDX0SA1",
            "to_name": "image",
            "type": "choices",
            "value": {
              "choices": [
                "T-Shirt",
                "Shirt"
              ]
            }
          },
          {
            "from_name": "Pants",
            "id": "iMOBiCRHSg",
            "to_name": "image",
            "type": "choices",
            "value": {
              "choices": [
                "Corduroy"
              ]
            }
          },
          {
            "from_name": "Accecories",
            "id": "tvSnpjamsg",
            "to_name": "image",
            "type": "choices",
            "value": {
              "choices": [
                "Necklace"
              ]
            }
          },
          {
            "from_name": "Color",
            "id": "d_pucfujMi",
            "to_name": "image",
            "type": "choices",
            "value": {
              "choices": [
                "Black",
                "White",
                "Green"
              ]
            }
          }
        ]
      }
    ],
    "data": {
      "image": "/data/upload/4f0289-pexels-photo-3705262.jpeg"
    },
    "id": 17
  },
  {
    "completions": [
      {
        "created_at": 1624931307,
        "id": 9001,
        "lead_time": 71.424,
        "result": [
          {
            "from_name": "Type",
            "id": "20kCRI-_Ny",
            "to_name": "image",
            "type": "choices",
            "value": {
              "choices": [
                "Male"
              ]
            }
          },
          {
            "from_name": "Clothes",
            "id": "aWx1p5FAeY",
            "to_name": "image",
            "type": "choices",
            "value": {
              "choices": [
                "Jacket"
              ]
            }
          },
          {
            "from_name": "Pants",
            "id": "bQ0zyC3m9B",
            "to_name": "image",
            "type": "choices",
            "value": {
              "choices": [
                "Jogger",
                "Cargo"
              ]
            }
          },
          {
            "from_name": "Accecories",
            "id": "_-S2qTSA4n",
            "to_name": "image",
            "type": "choices",
            "value": {
              "choices": [
                "Wrist"
              ]
            }
          },
          {
            "from_name": "Color",
            "id": "ka6u-7yUcY",
            "to_name": "image",
            "type": "choices",
            "value": {
              "choices": [
                "Black",
                "White",
                "Green"
              ]
            }
          }
        ]
      }
    ],
    "data": {
      "image": "/data/upload/76627d-pexels-photo-775358.jpeg"
    },
    "id": 9
  },
  {
    "completions": [
      {
        "created_at": 1624930442,
        "id": 6001,
        "lead_time": 49.122,
        "result": [
          {
            "from_name": "Type",
            "id": "TvtLUfZHjV",
            "to_name": "image",
            "type": "choices",
            "value": {
              "choices": [
                "Male"
              ]
            }
          },
          {
            "from_name": "Clothes",
            "id": "-1XaQ6D_Sv",
            "to_name": "image",
            "type": "choices",
            "value": {
              "choices": [
                "T-Shirt",
                "Suit"
              ]
            }
          },
          {
            "from_name": "Accecories",
            "id": "wAkEHFfYn1",
            "to_name": "image",
            "type": "choices",
            "value": {
              "choices": [
                "Hat"
              ]
            }
          },
          {
            "from_name": "Color",
            "id": "tKVOLjnGih",
            "to_name": "image",
            "type": "choices",
            "value": {
              "choices": [
                "Black",
                "Grey"
              ]
            }
          }
        ]
      }
    ],
    "data": {
      "image": "/data/upload/338b0b-malee.jpg"
    },
    "id": 6
  },
  {
    "completions": [
      {
        "created_at": 1624931631,
        "id": 11001,
        "lead_time": 29.803,
        "result": [
          {
            "from_name": "Type",
            "id": "d91WOFy7TG",
            "to_name": "image",
            "type": "choices",
            "value": {
              "choices": [
                "Male"
              ]
            }
          },
          {
            "from_name": "Clothes",
            "id": "v1-x8s3O61",
            "to_name": "image",
            "type": "choices",
            "value": {
              "choices": [
                "T-Shirt"
              ]
            }
          },
          {
            "from_name": "Pants",
            "id": "_RphkvaQ3a",
            "to_name": "image",
            "type": "choices",
            "value": {
              "choices": [
                "Jeans"
              ]
            }
          },
          {
            "from_name": "Accecories",
            "id": "EfM6WpMScf",
            "to_name": "image",
            "type": "choices",
            "value": {
              "choices": [
                "Eye Glasses",
                "Wrist"
              ]
            }
          },
          {
            "from_name": "Footwear",
            "id": "AZ25o0dLsc",
            "to_name": "image",
            "type": "choices",
            "value": {
              "choices": [
                "Sneaker"
              ]
            }
          },
          {
            "from_name": "Color",
            "id": "8n4KvDYWs2",
            "to_name": "image",
            "type": "choices",
            "value": {
              "choices": [
                "Blue",
                "Yellow"
              ]
            }
          }
        ]
      }
    ],
    "data": {
      "image": "/data/upload/96f193-pexels-photo-1018911.jpeg"
    },
    "id": 11
  },
  {
    "completions": [
      {
        "created_at": 1624929681,
        "id": 1,
        "lead_time": 744.587,
        "result": [
          {
            "from_name": "Type",
            "id": "emg4LrsVGX",
            "to_name": "image",
            "type": "choices",
            "value": {
              "choices": [
                "Male"
              ]
            }
          },
          {
            "from_name": "Pants",
            "id": "MmiVWFomnD",
            "to_name": "image",
            "type": "choices",
            "value": {
              "choices": [
                "Jeans"
              ]
            }
          },
          {
            "from_name": "Accecories",
            "id": "yCAwaIlPLx",
            "to_name": "image",
            "type": "choices",
            "value": {
              "choices": [
                "Hat"
              ]
            }
          },
          {
            "from_name": "Color",
            "id": "87pD_jZqAC",
            "to_name": "image",
            "type": "choices",
            "value": {
              "choices": [
                "Black"
              ]
            }
          },
          {
            "from_name": "Clothes",
            "id": "Q__Z8IdGrR",
            "to_name": "image",
            "type": "choices",
            "value": {
              "choices": [
                "T-Shirt",
                "Suit"
              ]
            }
          }
        ]
      }
    ],
    "data": {
      "image": "/data/upload/c77199-fashion-men-s-individuality-black-and-white-157675.jpeg"
    },
    "id": 0
  },
  {
    "completions": [
      {
        "created_at": 1624931341,
        "id": 1001,
        "lead_time": 24.818,
        "result": [
          {
            "from_name": "Type",
            "id": "Obk-RIauvs",
            "to_name": "image",
            "type": "choices",
            "value": {
              "choices": [
                "Male"
              ]
            }
          },
          {
            "from_name": "Clothes",
            "id": "5kWr8Oo8dI",
            "to_name": "image",
            "type": "choices",
            "value": {
              "choices": [
                "Sweater"
              ]
            }
          },
          {
            "from_name": "Pants",
            "id": "HaOFuqhGk-",
            "to_name": "image",
            "type": "choices",
            "value": {
              "choices": [
                "Jeans"
              ]
            }
          },
          {
            "from_name": "Accecories",
            "id": "ObsM-5aenZ",
            "to_name": "image",
            "type": "choices",
            "value": {
              "choices": [
                "Watch"
              ]
            }
          },
          {
            "from_name": "Color",
            "id": "jZlC40Tw6Y",
            "to_name": "image",
            "type": "choices",
            "value": {
              "choices": [
                "Black",
                "Red"
              ]
            }
          }
        ]
      }
    ],
    "data": {
      "image": "/data/upload/de0d4c-Male_47.jpg"
    },
    "id": 1
  },
  {
    "completions": [
      {
        "created_at": 1624931043,
        "id": 7001,
        "lead_time": 316.985,
        "result": [
          {
            "from_name": "Type",
            "id": "mx0697Qz-C",
            "to_name": "image",
            "type": "choices",
            "value": {
              "choices": [
                "Male"
              ]
            }
          },
          {
            "from_name": "Clothes",
            "id": "miOy2o5GYw",
            "to_name": "image",
            "type": "choices",
            "value": {
              "choices": [
                "T-Shirt",
                "Jacket"
              ]
            }
          },
          {
            "from_name": "Pants",
            "id": "AAjjYjoAO1",
            "to_name": "image",
            "type": "choices",
            "value": {
              "choices": [
                "Jeans"
              ]
            }
          },
          {
            "from_name": "Accecories",
            "id": "TdDvpU7a7y",
            "to_name": "image",
            "type": "choices",
            "value": {
              "choices": [
                "Eye Glasses"
              ]
            }
          },
          {
            "from_name": "Color",
            "id": "dfMuWarlqz",
            "to_name": "image",
            "type": "choices",
            "value": {
              "choices": [
                "White",
                "Blue"
              ]
            }
          }
        ]
      }
    ],
    "data": {
      "image": "/data/upload/9abea8-pexels-photo-242829.jpeg"
    },
    "id": 7
  },
  {
    "completions": [
      {
        "created_at": 1624931594,
        "id": 12001,
        "lead_time": 55.031,
        "result": [
          {
            "from_name": "Type",
            "id": "sfKxbQJq59",
            "to_name": "image",
            "type": "choices",
            "value": {
              "choices": [
                "Male"
              ]
            }
          },
          {
            "from_name": "Clothes",
            "id": "kImD5nEpLL",
            "to_name": "image",
            "type": "choices",
            "value": {
              "choices": [
                "T-Shirt",
                "Jacket"
              ]
            }
          },
          {
            "from_name": "Accecories",
            "id": "7UBr_wnyYz",
            "to_name": "image",
            "type": "choices",
            "value": {
              "choices": [
                "Cap"
              ]
            }
          },
          {
            "from_name": "Color",
            "id": "ikBygP-BnI",
            "to_name": "image",
            "type": "choices",
            "value": {
              "choices": [
                "Black",
                "White"
              ]
            }
          }
        ]
      }
    ],
    "data": {
      "image": "/data/upload/be6b63-pexels-photo-1192601.jpeg"
    },
    "id": 12
  },
  {
    "completions": [
      {
        "created_at": 1624930791,
        "id": 20001,
        "lead_time": 23.94,
        "result": [
          {
            "from_name": "Type",
            "id": "dnPInmx0wn",
            "to_name": "image",
            "type": "choices",
            "value": {
              "choices": [
                "Male"
              ]
            }
          },
          {
            "from_name": "Clothes",
            "id": "901vIz5Jnz",
            "to_name": "image",
            "type": "choices",
            "value": {
              "choices": [
                "Hoodie"
              ]
            }
          },
          {
            "from_name": "Pants",
            "id": "gjOZk3rZKe",
            "to_name": "image",
            "type": "choices",
            "value": {
              "choices": [
                "Jeans"
              ]
            }
          },
          {
            "from_name": "Accecories",
            "id": "tskCLOI9tq",
            "to_name": "image",
            "type": "choices",
            "value": {
              "choices": [
                "Eye Glasses"
              ]
            }
          },
          {
            "from_name": "Footwear",
            "id": "rn1Iw05d1h",
            "to_name": "image",
            "type": "choices",
            "value": {
              "choices": [
                "Sneaker"
              ]
            }
          },
          {
            "from_name": "Color",
            "id": "nfC3UATC4Z",
            "to_name": "image",
            "type": "choices",
            "value": {
              "choices": [
                "White",
                "Blue",
                "Red"
              ]
            }
          }
        ]
      }
    ],
    "data": {
      "image": "/data/upload/d6fa2f-download.jfif"
    },
    "id": 20
  },
  {
    "completions": [
      {
        "created_at": 1624930040,
        "id": 2001,
        "lead_time": 87.019,
        "result": [
          {
            "from_name": "Type",
            "id": "IqC2LSGlB8",
            "to_name": "image",
            "type": "choices",
            "value": {
              "choices": [
                "Male"
              ]
            }
          },
          {
            "from_name": "Clothes",
            "id": "6nuj3kWnor",
            "to_name": "image",
            "type": "choices",
            "value": {
              "choices": [
                "Shirt"
              ]
            }
          },
          {
            "from_name": "Pants",
            "id": "-K7AHk-LFW",
            "to_name": "image",
            "type": "choices",
            "value": {
              "choices": [
                "Jeans"
              ]
            }
          },
          {
            "from_name": "Accecories",
            "id": "LhEa_NrddV",
            "to_name": "image",
            "type": "choices",
            "value": {
              "choices": [
                "Wrist"
              ]
            }
          },
          {
            "from_name": "Color",
            "id": "qPTXXmZCKl",
            "to_name": "image",
            "type": "choices",
            "value": {
              "choices": [
                "White",
                "Blue",
                "Red",
                "Green"
              ]
            }
          }
        ]
      }
    ],
    "data": {
      "image": "/data/upload/dbddb3-Male_50.jpg"
    },
    "id": 2
  },
  {
    "completions": [
      {
        "created_at": 1624930355,
        "id": 14001,
        "lead_time": 43.989,
        "result": [
          {
            "from_name": "Type",
            "id": "44Jpu2AutV",
            "to_name": "image",
            "type": "choices",
            "value": {
              "choices": [
                "Male"
              ]
            }
          },
          {
            "from_name": "Accecories",
            "id": "q_VFnvpLFu",
            "to_name": "image",
            "type": "choices",
            "value": {
              "choices": [
                "Eye Glasses"
              ]
            }
          },
          {
            "from_name": "Clothes",
            "id": "Le6orzXbnA",
            "to_name": "image",
            "type": "choices",
            "value": {
              "choices": [
                "Jacket"
              ]
            }
          },
          {
            "from_name": "Pants",
            "id": "kHw4iqPg-8",
            "to_name": "image",
            "type": "choices",
            "value": {
              "choices": [
                "Kulot"
              ]
            }
          },
          {
            "from_name": "Color",
            "id": "ElkqRYjA_K",
            "to_name": "image",
            "type": "choices",
            "value": {
              "choices": [
                "Black",
                "Grey",
                "Green"
              ]
            }
          }
        ]
      }
    ],
    "data": {
      "image": "/data/upload/269378-pexels-photo-3317133.jpeg"
    },
    "id": 14
  },
  {
    "completions": [
      {
        "created_at": 1624930386,
        "id": 5001,
        "lead_time": 24.818,
        "result": [
          {
            "from_name": "Type",
            "id": "GsSzxJtvek",
            "to_name": "image",
            "type": "choices",
            "value": {
              "choices": [
                "Male"
              ]
            }
          },
          {
            "from_name": "Clothes",
            "id": "aFKjpJpl1u",
            "to_name": "image",
            "type": "choices",
            "value": {
              "choices": [
                "Hoodie"
              ]
            }
          },
          {
            "from_name": "Pants",
            "id": "wexJgFxAzZ",
            "to_name": "image",
            "type": "choices",
            "value": {
              "choices": [
                "Training"
              ]
            }
          },
          {
            "from_name": "Accecories",
            "id": "xDJtqw9FDc",
            "to_name": "image",
            "type": "choices",
            "value": {
              "choices": [
                "Eye Glasses",
                "Watch"
              ]
            }
          },
          {
            "from_name": "Color",
            "id": "DRGmCgm9oW",
            "to_name": "image",
            "type": "choices",
            "value": {
              "choices": [
                "Black",
                "Yellow"
              ]
            }
          }
        ]
      }
    ],
    "data": {
      "image": "/data/upload/84e51c-male.jpg"
    },
    "id": 5
  }
]