[
  {
    "completions": [
      {
        "created_at": 1624892882,
        "id": 8001,
        "lead_time": 93.945,
        "result": [
          {
            "from_name": "Type",
            "id": "v1dhEGGF9Z",
            "to_name": "image",
            "type": "choices",
            "value": {
              "choices": [
                "Female"
              ]
            }
          },
          {
            "from_name": "Clothes",
            "id": "TgCWqz1B0k",
            "to_name": "image",
            "type": "choices",
            "value": {
              "choices": [
                "T-Shirt",
                "Jacket"
              ]
            }
          },
          {
            "from_name": "Pants",
            "id": "q6dyObNMY_",
            "to_name": "image",
            "type": "choices",
            "value": {
              "choices": [
                "Jeans"
              ]
            }
          },
          {
            "from_name": "Accecories",
            "id": "SJx2G_gbd2",
            "to_name": "image",
            "type": "choices",
            "value": {
              "choices": [
                "Eye Glasses"
              ]
            }
          },
          {
            "from_name": "Color",
            "id": "DyUDkIvwzQ",
            "to_name": "image",
            "type": "choices",
            "value": {
              "choices": [
                "Blue",
                "Orange"
              ]
            }
          }
        ]
      }
    ],
    "data": {
      "image": "/data/upload/0ff48a-Female_47.jpg"
    },
    "id": 8
  },
  {
    "completions": [
      {
        "created_at": 1624894208,
        "id": 21001,
        "lead_time": 46.534,
        "result": [
          {
            "from_name": "Type",
            "id": "pHkbkQZQIS",
            "to_name": "image",
            "type": "choices",
            "value": {
              "choices": [
                "Female"
              ]
            }
          },
          {
            "from_name": "Clothes",
            "id": "mzBAJcmoFk",
            "to_name": "image",
            "type": "choices",
            "value": {
              "choices": [
                "T-Shirt"
              ]
            }
          },
          {
            "from_name": "Pants",
            "id": "fB3la8WriL",
            "to_name": "image",
            "type": "choices",
            "value": {
              "choices": [
                "Short"
              ]
            }
          },
          {
            "from_name": "Accecories",
            "id": "qieB1h5EW0",
            "to_name": "image",
            "type": "choices",
            "value": {
              "choices": [
                "Eye Glasses"
              ]
            }
          },
          {
            "from_name": "Footwear",
            "id": "DwDa_USwQt",
            "to_name": "image",
            "type": "choices",
            "value": {
              "choices": [
                "Leather"
              ]
            }
          },
          {
            "from_name": "Color",
            "id": "xaSPrK0hKc",
            "to_name": "image",
            "type": "choices",
            "value": {
              "choices": [
                "White"
              ]
            }
          }
        ]
      }
    ],
    "data": {
      "image": "/data/upload/cf74c4-pexels-photo-975008.jpeg"
    },
    "id": 21
  },
  {
    "completions": [
      {
        "created_at": 1624892779,
        "id": 18001,
        "lead_time": 18.475,
        "result": [
          {
            "from_name": "Type",
            "id": "8oOuSK2AWx",
            "to_name": "image",
            "type": "choices",
            "value": {
              "choices": [
                "Kids"
              ]
            }
          },
          {
            "from_name": "Clothes",
            "id": "lIz3GxOWM8",
            "to_name": "image",
            "type": "choices",
            "value": {
              "choices": [
                "Dress"
              ]
            }
          },
          {
            "from_name": "Pants",
            "id": "iZ1Y4vVfA0",
            "to_name": "image",
            "type": "choices",
            "value": {
              "choices": [
                "Skirt"
              ]
            }
          },
          {
            "from_name": "Color",
            "id": "yOI2joKNt4",
            "to_name": "image",
            "type": "choices",
            "value": {
              "choices": [
                "White"
              ]
            }
          }
        ]
      }
    ],
    "data": {
      "image": "/data/upload/dff94a-Kids_47.jpg"
    },
    "id": 18
  },
  {
    "completions": [
      {
        "created_at": 1624893613,
        "id": 10001,
        "lead_time": 31.049,
        "result": [
          {
            "from_name": "Type",
            "id": "qPjXvqQOn3",
            "to_name": "image",
            "type": "choices",
            "value": {
              "choices": [
                "Female"
              ]
            }
          },
          {
            "from_name": "Clothes",
            "id": "ZEZDi_NrtX",
            "to_name": "image",
            "type": "choices",
            "value": {
              "choices": [
                "Shirt"
              ]
            }
          },
          {
            "from_name": "Pants",
            "id": "bmarPeHrrF",
            "to_name": "image",
            "type": "choices",
            "value": {
              "choices": [
                "Corduroy"
              ]
            }
          },
          {
            "from_name": "Color",
            "id": "4GA0KTIFNw",
            "to_name": "image",
            "type": "choices",
            "value": {
              "choices": [
                "White"
              ]
            }
          }
        ]
      }
    ],
    "data": {
      "image": "/data/upload/86c7be-Female_50.jpg"
    },
    "id": 10
  },
  {
    "completions": [
      {
        "created_at": 1624893579,
        "id": 3001,
        "lead_time": 25.667,
        "result": [
          {
            "from_name": "Type",
            "id": "aJOS0InKF0",
            "to_name": "image",
            "type": "choices",
            "value": {
              "choices": [
                "Female"
              ]
            }
          },
          {
            "from_name": "Clothes",
            "id": "tzb1_ddC4x",
            "to_name": "image",
            "type": "choices",
            "value": {
              "choices": [
                "Dress"
              ]
            }
          },
          {
            "from_name": "Color",
            "id": "NUL0pe_qKi",
            "to_name": "image",
            "type": "choices",
            "value": {
              "choices": [
                "White",
                "Blue"
              ]
            }
          }
        ]
      }
    ],
    "data": {
      "image": "/data/upload/592746-Female_32.jpg"
    },
    "id": 3
  },
  {
    "completions": [
      {
        "created_at": 1624894314,
        "id": 19001,
        "lead_time": 50.594,
        "result": [
          {
            "from_name": "Type",
            "id": "9xUe4mpypf",
            "to_name": "image",
            "type": "choices",
            "value": {
              "choices": [
                "Kids"
              ]
            }
          },
          {
            "from_name": "Clothes",
            "id": "-zcbolGF40",
            "to_name": "image",
            "type": "choices",
            "value": {
              "choices": [
                "Jacket"
              ]
            }
          },
          {
            "from_name": "Pants",
            "id": "4JPxhW6jIP",
            "to_name": "image",
            "type": "choices",
            "value": {
              "choices": [
                "Corduroy"
              ]
            }
          },
          {
            "from_name": "Accecories",
            "id": "n1oI0k-I4a",
            "to_name": "image",
            "type": "choices",
            "value": {
              "choices": [
                "Necklace"
              ]
            }
          },
          {
            "from_name": "Footwear",
            "id": "wPzMqk6fcQ",
            "to_name": "image",
            "type": "choices",
            "value": {
              "choices": [
                "Sneaker"
              ]
            }
          },
          {
            "from_name": "Color",
            "id": "ytGuLuRrTH",
            "to_name": "image",
            "type": "choices",
            "value": {
              "choices": [
                "White",
                "Purple"
              ]
            }
          }
        ]
      }
    ],
    "data": {
      "image": "/data/upload/edc1aa-Kids_50.jpg"
    },
    "id": 19
  },
  {
    "completions": [
      {
        "created_at": 1624893121,
        "id": 4001,
        "lead_time": 22.151,
        "result": [
          {
            "from_name": "Type",
            "id": "2F3bYcEaRn",
            "to_name": "image",
            "type": "choices",
            "value": {
              "choices": [
                "Female"
              ]
            }
          },
          {
            "from_name": "Clothes",
            "id": "2CR7PYY--O",
            "to_name": "image",
            "type": "choices",
            "value": {
              "choices": [
                "Dress"
              ]
            }
          },
          {
            "from_name": "Pants",
            "id": "rAoPQEO2KL",
            "to_name": "image",
            "type": "choices",
            "value": {
              "choices": [
                "Skirt"
              ]
            }
          },
          {
            "from_name": "Color",
            "id": "Z-ehtib1vb",
            "to_name": "image",
            "type": "choices",
            "value": {
              "choices": [
                "White"
              ]
            }
          }
        ]
      }
    ],
    "data": {
      "image": "/data/upload/94f955-Female_33.jpg"
    },
    "id": 4
  },
  {
    "completions": [
      {
        "created_at": 1624893094,
        "id": 15001,
        "lead_time": 106.381,
        "result": [
          {
            "from_name": "Type",
            "id": "rJUzcWXwfp",
            "to_name": "image",
            "type": "choices",
            "value": {
              "choices": [
                "Female",
                "Kids"
              ]
            }
          },
          {
            "from_name": "Clothes",
            "id": "Sg8KGB-pCK",
            "to_name": "image",
            "type": "choices",
            "value": {
              "choices": [
                "Dress"
              ]
            }
          },
          {
            "from_name": "Accecories",
            "id": "cGNNsEEaUN",
            "to_name": "image",
            "type": "choices",
            "value": {
              "choices": [
                "Veil",
                "Watch"
              ]
            }
          },
          {
            "from_name": "Color",
            "id": "R5JYibEUum",
            "to_name": "image",
            "type": "choices",
            "value": {
              "choices": [
                "White",
                "Brown"
              ]
            }
          }
        ]
      }
    ],
    "data": {
      "image": "/data/upload/d3ae54-Kids_49.jpg"
    },
    "id": 15
  },
  {
    "completions": [
      {
        "created_at": 1624894158,
        "id": 22001,
        "lead_time": 26.821,
        "result": [
          {
            "from_name": "Type",
            "id": "u3u9J2g-rf",
            "to_name": "image",
            "type": "choices",
            "value": {
              "choices": [
                "Female"
              ]
            }
          },
          {
            "from_name": "Clothes",
            "id": "2xqb_BmtT6",
            "to_name": "image",
            "type": "choices",
            "value": {
              "choices": [
                "T-Shirt"
              ]
            }
          },
          {
            "from_name": "Pants",
            "id": "MQck1cFWOG",
            "to_name": "image",
            "type": "choices",
            "value": {
              "choices": [
                "Cargo"
              ]
            }
          },
          {
            "from_name": "Accecories",
            "id": "_FCLOte3f0",
            "to_name": "image",
            "type": "choices",
            "value": {
              "choices": [
                "Necklace"
              ]
            }
          },
          {
            "from_name": "Footwear",
            "id": "QkaQp6yOvB",
            "to_name": "image",
            "type": "choices",
            "value": {
              "choices": [
                "Sneaker"
              ]
            }
          },
          {
            "from_name": "Color",
            "id": "ShCVUhe_ew",
            "to_name": "image",
            "type": "choices",
            "value": {
              "choices": [
                "Black",
                "Green"
              ]
            }
          }
        ]
      }
    ],
    "data": {
      "image": "/data/upload/0386be-pexels-photo-3679044.jpeg"
    },
    "id": 22
  },
  {
    "completions": [
      {
        "created_at": 1624893193,
        "id": 17001,
        "lead_time": 926.956,
        "result": [
          {
            "from_name": "Type",
            "id": "FCVpwYcZaw",
            "to_name": "image",
            "type": "choices",
            "value": {
              "choices": [
                "Kids"
              ]
            }
          },
          {
            "from_name": "Clothes",
            "id": "8DN3qZKBe0",
            "to_name": "image",
            "type": "choices",
            "value": {
              "choices": [
                "Sweater"
              ]
            }
          },
          {
            "from_name": "Pants",
            "id": "WzrLDgsU2q",
            "to_name": "image",
            "type": "choices",
            "value": {
              "choices": [
                "Jeans"
              ]
            }
          },
          {
            "from_name": "Accecories",
            "id": "Enz11Hz4xB",
            "to_name": "image",
            "type": "choices",
            "value": {
              "choices": [
                "Hat"
              ]
            }
          },
          {
            "from_name": "Footwear",
            "id": "rplczznCHK",
            "to_name": "image",
            "type": "choices",
            "value": {
              "choices": [
                "Sneaker"
              ]
            }
          },
          {
            "from_name": "Color",
            "id": "CWzxDISwMZ",
            "to_name": "image",
            "type": "choices",
            "value": {
              "choices": [
                "White",
                "Blue"
              ]
            }
          }
        ]
      }
    ],
    "data": {
      "image": "/data/upload/d4eedd-Kids_45.jpg"
    },
    "id": 17
  },
  {
    "completions": [
      {
        "created_at": 1624893325,
        "id": 9001,
        "lead_time": 128.803,
        "result": [
          {
            "from_name": "Type",
            "id": "syUv5U3C0P",
            "to_name": "image",
            "type": "choices",
            "value": {
              "choices": [
                "Female"
              ]
            }
          },
          {
            "from_name": "Clothes",
            "id": "w-fMdl1JaT",
            "to_name": "image",
            "type": "choices",
            "value": {
              "choices": [
                "Shirt",
                "Jacket"
              ]
            }
          },
          {
            "from_name": "Pants",
            "id": "Su3Ntvwon8",
            "to_name": "image",
            "type": "choices",
            "value": {
              "choices": [
                "Skirt",
                "Corduroy"
              ]
            }
          },
          {
            "from_name": "Accecories",
            "id": "Ow4hqGF3wd",
            "to_name": "image",
            "type": "choices",
            "value": {
              "choices": [
                "Veil",
                "Eye Glasses"
              ]
            }
          },
          {
            "from_name": "Footwear",
            "id": "VfKkzF6dks",
            "to_name": "image",
            "type": "choices",
            "value": {
              "choices": [
                "Sneaker"
              ]
            }
          },
          {
            "from_name": "Color",
            "id": "rwkoFxnrdF",
            "to_name": "image",
            "type": "choices",
            "value": {
              "choices": [
                "White",
                "Blue"
              ]
            }
          }
        ]
      }
    ],
    "data": {
      "image": "/data/upload/ebff01-Female_48.jpg"
    },
    "id": 9
  },
  {
    "completions": [
      {
        "created_at": 1624893359,
        "id": 11001,
        "lead_time": 30.373,
        "result": [
          {
            "from_name": "Clothes",
            "id": "ycDvfXCPxJ",
            "to_name": "image",
            "type": "choices",
            "value": {
              "choices": [
                "T-Shirt"
              ]
            }
          },
          {
            "from_name": "Type",
            "id": "2GDV2C3CYg",
            "to_name": "image",
            "type": "choices",
            "value": {
              "choices": [
                "Female"
              ]
            }
          },
          {
            "from_name": "Pants",
            "id": "XR4OQtRthk",
            "to_name": "image",
            "type": "choices",
            "value": {
              "choices": [
                "Jeans"
              ]
            }
          },
          {
            "from_name": "Accecories",
            "id": "yVOp5lOFtK",
            "to_name": "image",
            "type": "choices",
            "value": {
              "choices": [
                "Eye Glasses",
                "Watch"
              ]
            }
          },
          {
            "from_name": "Color",
            "id": "mp2KXiWe60",
            "to_name": "image",
            "type": "choices",
            "value": {
              "choices": [
                "Grey"
              ]
            }
          }
        ]
      }
    ],
    "data": {
      "image": "/data/upload/d0fb10-Female_51.jpg"
    },
    "id": 11
  },
  {
    "completions": [
      {
        "created_at": 1624893423,
        "id": 1,
        "lead_time": 28.098,
        "result": [
          {
            "from_name": "Type",
            "id": "7qc4Ynuqmq",
            "to_name": "image",
            "type": "choices",
            "value": {
              "choices": [
                "Female"
              ]
            }
          },
          {
            "from_name": "Clothes",
            "id": "JoLlG_t3Q7",
            "to_name": "image",
            "type": "choices",
            "value": {
              "choices": [
                "Dress"
              ]
            }
          },
          {
            "from_name": "Pants",
            "id": "LzOu-l6f7S",
            "to_name": "image",
            "type": "choices",
            "value": {
              "choices": [
                "Skirt"
              ]
            }
          },
          {
            "from_name": "Footwear",
            "id": "UHXJVYLSEv",
            "to_name": "image",
            "type": "choices",
            "value": {
              "choices": [
                "Slipper"
              ]
            }
          },
          {
            "from_name": "Color",
            "id": "WF51ufmYAY",
            "to_name": "image",
            "type": "choices",
            "value": {
              "choices": [
                "Blue"
              ]
            }
          }
        ]
      }
    ],
    "data": {
      "image": "/data/upload/03c00e-Female_8.jpg"
    },
    "id": 0
  },
  {
    "completions": [
      {
        "created_at": 1624893489,
        "id": 1001,
        "lead_time": 61.87,
        "result": [
          {
            "from_name": "Type",
            "id": "OJwy8K6Ml3",
            "to_name": "image",
            "type": "choices",
            "value": {
              "choices": [
                "Female"
              ]
            }
          },
          {
            "from_name": "Clothes",
            "id": "vwcdVBjnsI",
            "to_name": "image",
            "type": "choices",
            "value": {
              "choices": [
                "Hoodie"
              ]
            }
          },
          {
            "from_name": "Accecories",
            "id": "snIpdc5Vi-",
            "to_name": "image",
            "type": "choices",
            "value": {
              "choices": [
                "Hat"
              ]
            }
          },
          {
            "from_name": "Color",
            "id": "V6yTRwdLFz",
            "to_name": "image",
            "type": "choices",
            "value": {
              "choices": [
                "Black"
              ]
            }
          }
        ]
      }
    ],
    "data": {
      "image": "/data/upload/2e7a92-Female_20.jpg"
    },
    "id": 1
  },
  {
    "completions": [
      {
        "created_at": 1624893703,
        "id": 7001,
        "lead_time": 18.493,
        "result": [
          {
            "from_name": "Type",
            "id": "ebMdzXfweJ",
            "to_name": "image",
            "type": "choices",
            "value": {
              "choices": [
                "Female"
              ]
            }
          },
          {
            "from_name": "Clothes",
            "id": "UO9eCDWZsN",
            "to_name": "image",
            "type": "choices",
            "value": {
              "choices": [
                "Dress"
              ]
            }
          },
          {
            "from_name": "Color",
            "id": "qIRClA4MRl",
            "to_name": "image",
            "type": "choices",
            "value": {
              "choices": [
                "White"
              ]
            }
          },
          {
            "from_name": "Pants",
            "id": "_aDoMKmqvU",
            "to_name": "image",
            "type": "choices",
            "value": {
              "choices": [
                "Skirt"
              ]
            }
          }
        ]
      }
    ],
    "data": {
      "image": "/data/upload/7864a8-Female_44.jpg"
    },
    "id": 7
  },
  {
    "completions": [
      {
        "created_at": 1624892984,
        "id": 12001,
        "lead_time": 22.791,
        "result": [
          {
            "from_name": "Type",
            "id": "g0EgHVE252",
            "to_name": "image",
            "type": "choices",
            "value": {
              "choices": [
                "Female"
              ]
            }
          },
          {
            "from_name": "Clothes",
            "id": "-fO57BCkZl",
            "to_name": "image",
            "type": "choices",
            "value": {
              "choices": [
                "Dress"
              ]
            }
          },
          {
            "from_name": "Pants",
            "id": "EjKujeENHe",
            "to_name": "image",
            "type": "choices",
            "value": {
              "choices": [
                "Skirt"
              ]
            }
          },
          {
            "from_name": "Color",
            "id": "u96kyraxv0",
            "to_name": "image",
            "type": "choices",
            "value": {
              "choices": [
                "White"
              ]
            }
          }
        ]
      }
    ],
    "data": {
      "image": "/data/upload/4296c8-Female_52.jpg"
    },
    "id": 12
  },
  {
    "completions": [
      {
        "created_at": 1624894250,
        "id": 20001,
        "lead_time": 36.42,
        "result": [
          {
            "from_name": "Type",
            "id": "ZY187kiM9o",
            "to_name": "image",
            "type": "choices",
            "value": {
              "choices": [
                "Kids"
              ]
            }
          },
          {
            "from_name": "Clothes",
            "id": "wBbdXKn76r",
            "to_name": "image",
            "type": "choices",
            "value": {
              "choices": [
                "Dress"
              ]
            }
          },
          {
            "from_name": "Color",
            "id": "REKI88Y6r3",
            "to_name": "image",
            "type": "choices",
            "value": {
              "choices": [
                "Red"
              ]
            }
          }
        ]
      }
    ],
    "data": {
      "image": "/data/upload/e4b54d-Kids_51.jpg"
    },
    "id": 20
  },
  {
    "completions": [
      {
        "created_at": 1624892951,
        "id": 2001,
        "lead_time": 49.907,
        "result": [
          {
            "from_name": "Type",
            "id": "I5gQzJxxVP",
            "to_name": "image",
            "type": "choices",
            "value": {
              "choices": [
                "Female"
              ]
            }
          },
          {
            "from_name": "Clothes",
            "id": "l3pLgzlym5",
            "to_name": "image",
            "type": "choices",
            "value": {
              "choices": [
                "T-Shirt"
              ]
            }
          },
          {
            "from_name": "Pants",
            "id": "Ol-KtJzZml",
            "to_name": "image",
            "type": "choices",
            "value": {
              "choices": [
                "Training"
              ]
            }
          },
          {
            "from_name": "Accecories",
            "id": "-RXPgsGBHl",
            "to_name": "image",
            "type": "choices",
            "value": {
              "choices": [
                "Eye Glasses"
              ]
            }
          },
          {
            "from_name": "Footwear",
            "id": "Ns_Cgh_Eel",
            "to_name": "image",
            "type": "choices",
            "value": {
              "choices": [
                "Sneaker"
              ]
            }
          },
          {
            "from_name": "Color",
            "id": "PphE9m16Vl",
            "to_name": "image",
            "type": "choices",
            "value": {
              "choices": [
                "Black"
              ]
            }
          }
        ]
      }
    ],
    "data": {
      "image": "/data/upload/c697af-Female_21.jpg"
    },
    "id": 2
  },
  {
    "completions": [
      {
        "created_at": 1624893679,
        "id": 13001,
        "lead_time": 2.424,
        "result": [],
        "was_cancelled": true
      }
    ],
    "data": {
      "image": "/data/upload/d4eedd-Kids_45.jpg"
    },
    "id": 13
  },
  {
    "completions": [
      {
        "created_at": 1624893547,
        "id": 5001,
        "lead_time": 35.122,
        "result": [
          {
            "from_name": "Type",
            "id": "ozPoQjkg9P",
            "to_name": "image",
            "type": "choices",
            "value": {
              "choices": [
                "Female"
              ]
            }
          },
          {
            "from_name": "Clothes",
            "id": "l__LXsKpEU",
            "to_name": "image",
            "type": "choices",
            "value": {
              "choices": [
                "Sweater"
              ]
            }
          },
          {
            "from_name": "Pants",
            "id": "4c242m0anE",
            "to_name": "image",
            "type": "choices",
            "value": {
              "choices": [
                "Jeans",
                "Short"
              ]
            }
          },
          {
            "from_name": "Color",
            "id": "4O8i_Sl8Qs",
            "to_name": "image",
            "type": "choices",
            "value": {
              "choices": [
                "Grey",
                "Blue"
              ]
            }
          }
        ]
      }
    ],
    "data": {
      "image": "/data/upload/12590e-Female_40.jpg"
    },
    "id": 5
  }
]